{
  "portfolio": {
    "var_95": 0.046077,
    "var_99": 0.066059,
    "sharpe_ratio": 0.1269,
    "sortino_ratio": 0.1256,
    "calmar_ratio": 0.3068,
    "max_drawdown": 0.260062,
    "n_symbols": 4,
    "history_days": 252
  },
  "per_symbol": {
    "BTC-USD": {
      "var_95": 0.057967,
      "var_99": 0.071992,
      "sharpe": -0.8423,
      "sortino": -0.8336,
      "calmar": -0.8282,
      "max_drawdown": 0.514172
    },
    "ETH-USD": {
      "var_95": 0.06629,
      "var_99": 0.089773,
      "sharpe": 0.9181,
      "sortino": 0.937,
      "calmar": 1.4808,
      "max_drawdown": 0.44113
    },
    "SOL-USD": {
      "var_95": 0.08628,
      "var_99": 0.145156,
      "sharpe": 0.1741,
      "sortino": 0.1753,
      "calmar": 0.273,
      "max_drawdown": 0.650282
    },
    "MATIC-USD": {
      "var_95": 0.111197,
      "var_99": 0.152484,
      "sharpe": -0.1018,
      "sortino": -0.1014,
      "calmar": -0.1128,
      "max_drawdown": 0.760404
    }
  },
  "correlation_matrix": {
    "BTC-USD": {
      "BTC-USD": 1.0,
      "ETH-USD": 0.0447,
      "SOL-USD": -0.0413,
      "MATIC-USD": 0.0987
    },
    "ETH-USD": {
      "BTC-USD": 0.0447,
      "ETH-USD": 1.0,
      "SOL-USD": 0.0307,
      "MATIC-USD": 0.1303
    },
    "SOL-USD": {
      "BTC-USD": -0.0413,
      "ETH-USD": 0.0307,
      "SOL-USD": 1.0,
      "MATIC-USD": -0.0462
    },
    "MATIC-USD": {
      "BTC-USD": 0.0987,
      "ETH-USD": 0.1303,
      "SOL-USD": -0.0462,
      "MATIC-USD": 1.0
    }
  },
  "symbols": [
    "BTC-USD",
    "ETH-USD",
    "SOL-USD",
    "MATIC-USD"
  ],
  "generated_at": 1772176147.87645,
  "version": "S46"
}